replicate,cost,param_0,param_1,param_2,param_3,param_4,param_5,param_6,param_7,param_8
0,1.2700109567293976,128.25499695975935,18.552322747794662,3.2,68.35028281517475,1.5008466601834074,18.88463436447601,5.893164724411723,4.683821084198348,0.45794603591595995
1,1.1868803837621371,295.72112913956653,15.152666447779128,3.2,282.3806357075832,1.493199512494166,60.0,8.999382157726604,4.888447633405405,0.34845231226285467
0,1.1099547685670281,250.64990128082772,6.742385119418795,10.869640053858232,500.0,1.3317778539684328,59.828043919530984,9.0,5.932993935750944,0.4211380097710861
1,0.9595509350816652,494.1692618544551,15.227428649912296,3.20000004306498,499.9999952644339,1.8437178174631665,59.99943959960361,9.0,9.186323153644882,0.22893841373001372
0,0.8462185598390354,162.75384751284116,12.075307807675983,3.200000221699571,277.5286274109974,1.4051901996877596,60.0,9.0,8.93348327805426,0.3984232037638298
1,0.6034820430605539,273.62482208067775,13.400345737082361,3.2000006606396294,325.6527861829447,1.4424152681812337,59.99996293544025,9.0,7.523512179668279,0.3563993938797604
0,1.478779489662581,122.16601900999761,11.403447061031855,3.2,149.7673022242142,1.3182566099387483,60.0,8.999973060676576,5.308953214126249,0.44200197411547026
1,1.1444622003598948,78.93694118514597,4.782182601120321,17.228394627825175,492.22608128471853,1.2490345724661995,18.64167123470167,5.082558340097638,60.91775501546857,0.5514503432547202
0,0.8051961769989429,289.15079758550405,17.734646131862792,8.106851680440169,20.348089450332324,1.94537458708581,2.4221012016981125,8.772965956972746,2.6500813874426385,0.3283542796544692
1,1.1868301408342565,112.14393107489524,8.04869028624696,36.63602139965291,160.04300363088421,1.3817683101846352,4.587917078014178,8.8646086652926,26.895796021577272,0.527125163036361
0,0.9981855504974556,89.48850217654817,4.465022486100333,67.6962098087537,427.84281060991356,1.1961536351965991,26.7801197574412,3.2139459011060367,41.52165339519169,0.5317147021485827
1,0.8527833972965594,135.51152300267262,9.593454408616712,3.2,291.9265830570719,1.3375789647102276,59.999974311287986,8.999968421925818,11.847470989921456,0.42899940141778686
0,0.6824594589802221,128.9699791314342,8.019940479614423,39.42523534466023,99.25078028893431,1.3104186846021302,3.9522427937101567,8.998995583213224,22.205192898784762,0.5053511577455727
1,1.1379526703066383,113.91669617271734,12.678351643610823,3.2000000708522296,147.7253622342197,1.27752117017948,59.99993578883354,9.0,5.7012314845887095,0.4650159101899693
0,0.8752077201161903,173.00895502373118,9.435636566595097,60.31424841884581,122.18450485549384,1.468257900564957,2.607298701592524,8.999998923578222,23.418390502453896,0.4630372250893654
1,1.1263010791384942,106.29404434113333,14.315285723427573,3.2,97.01554912677645,1.2635732816075143,55.61631706801899,1.0314147864497503,6.240907259731944,0.4858943755378284
0,0.7623785205659751,157.6643380212813,8.200992029992143,57.872559833910266,102.89763638943131,1.3149247735603655,3.9334712756221495,9.0,21.552616493806703,0.49130422994844625
1,2.421318500392289,499.99995954415726,13.067686464388974,3.3772521312960224,499.99973137899474,3.316558651928945,59.99984890376783,8.99998660696359,22.75976226285783,0.11749653158055265
0,1.1183061033855075,143.65884169715355,15.9884737927196,3.2000006306769473,141.6968925894882,1.3946790768878514,59.999940413747574,8.999950079664586,3.657500172654498,0.43091263135149116
1,1.0296990877607146,166.96884132192883,7.4575488553185245,35.45397277966545,381.74499775751553,1.431697885186379,4.641050803330423,8.466161723649618,63.831500005034556,0.4857330546442404
0,0.43968665560814707,152.31353278676593,9.076100234866733,3.542104659587799,311.44040355301536,1.429039937108082,59.16418556698892,9.0,8.8748021103799,0.40214109768566164
1,1.014132413113695,221.8012098167743,12.696699919027592,12.794751564451964,34.753388834821564,1.6316204116073851,3.4505087709621156,5.942840551517358,5.467406257709934,0.39450597821638156
0,0.9266472613985073,94.49350789208182,5.303989649877927,43.84450988104639,202.076778653099,1.1417936965285453,10.753640370117026,8.857496504457435,28.42590280902301,0.5546933146874048
1,0.7946210289297184,183.9908853383667,16.14478078917455,3.2000002254179303,330.1942298316517,1.5512111996613227,59.999967245443834,8.999999923032359,4.288370702959519,0.4053341097369853
0,1.159306182766106,128.27493646291472,12.078322620838316,3.20000036300273,70.52010377601232,1.279588420632488,59.999954296958414,9.0,2.600002966325064,0.432668193974217
1,1.3441559189520655,72.82197387934299,5.532254625780478,71.06847493549549,183.36179066907766,1.1455671692727198,13.50202990891774,8.47357127287502,18.60999694414134,0.5956010503067272
0,1.4427724503988562,129.49095716254837,11.824806810833453,3.2,399.26756673100425,1.3795809995932788,60.0,8.999993792742897,11.381471573109046,0.44658064911346296
1,0.9525366915852662,105.65378517034348,7.1486162704144265,4.387680400107741,401.27369431296495,1.51981387073283,14.32847996380595,3.3258750277225473,62.72357895510863,0.4772961831475147
0,0.9445287669312041,101.81313742211135,6.130990253769353,13.687479124971029,303.12532043073526,1.153714407592235,56.410172470759875,8.854275934777867,7.868202893887613,0.5326232490308926
1,1.0893490294323998,125.86189340477124,8.167512368882136,3.8082323971195016,427.2564414856709,1.443220878393824,31.16237738093784,7.705394054627356,28.760711331607368,0.4288923469701279
0,1.0391083064422268,136.19835366557194,8.231040502682244,3.5735067449805875,496.76413729193223,1.4545033588726728,59.35335755771906,2.0458020454037977,31.53627072039768,0.40829440702365316
1,0.9753068513251356,184.7428676949067,12.121412889767738,3.3672026471666383,177.85871992675038,1.6278601882684196,10.977372250300201,6.508299056600741,17.209807932730573,0.3864472132052657
0,0.9886655528023414,193.37787260880248,11.69015530038247,3.2,212.7626221523414,1.4258314104519,60.0,8.999988659349777,5.685943700224837,0.37802807096597113
1,0.9017485510891987,96.29905558519528,5.497936481622851,19.71838387020943,500.0,1.170988864950772,20.546658026351114,6.615909231323464,57.51069073815932,0.5391186359356939
0,0.7796003853144322,221.95263073562973,26.84540912599898,3.722428344866624,217.63220039677338,1.9558693927660915,2.4,8.53745178066269,65.0,0.38206638787759656
1,0.8401666249595064,440.52649101080016,14.694447592793184,3.2,500.0,1.6681964155815021,38.39313647623883,1.063159929668141,12.49468011154092,0.3183490999925792
0,1.199840486881176,153.60483731700532,7.529691460637345,4.723666100351086,483.6593409675083,1.5126418800116646,18.775603220698727,6.343925896585417,35.3157351701077,0.41814302887349447
1,0.9888121069419654,121.9439309283773,7.060273649175556,4.982106890153162,429.0925321417713,1.407250484355951,18.190103922657958,6.898319686690655,47.31663312751397,0.45865636013933697
0,1.2063916153308862,159.78946384238907,11.988461016962324,3.2000002486674792,218.15446744427845,1.4174911915327293,60.0,8.999882529916137,5.296442412988893,0.40535267922294554
1,0.9307242218935802,129.37729918759337,8.82343096987746,37.417414420713534,112.30006248925511,1.3949990991138912,3.071517686930676,9.0,22.41498130168401,0.5145813972844406
0,0.7732353288807507,181.32803178568733,7.573699190206278,5.029015283553847,500.0,1.4606553250996757,54.30455335068904,5.808254673602462,15.455340207578255,0.37313857980599996
1,1.1106589118016192,151.09782917851382,5.024188993380709,26.627340501193153,500.0,1.2414552159118177,42.984917409095985,3.4789235384644566,17.407621925504575,0.45832750812125606
0,0.9231832576869978,163.50192694841135,10.887562274022894,3.2000004477924175,241.64182217731425,1.387839724405744,59.99995200950367,8.999965396993694,7.743284162414449,0.40114673702729786
1,0.762774431045071,456.79766613745534,11.109294739562836,3.245960557591922,434.87511798653367,1.5841040794970385,31.69110179136909,7.882657996831157,12.567987237571568,0.3061609507259342
0,0.8801698937941618,122.19128034319644,4.9627592855310025,53.431653420536406,191.94502194061846,1.267387847574422,8.515242481610915,6.110357139990131,28.880255920643798,0.4894712699311301
1,0.9387274373304635,220.61604984058633,14.921929971220777,3.2035140715668957,499.5561354110325,1.4957854114118192,58.959899462101056,8.954439346266417,8.06336529923783,0.3937177587165604
0,0.8373798337754512,482.66521368915573,18.045345733673336,3.2,413.31208292789324,1.7358831530836665,58.67370079606585,8.533600656545733,2.899890303582248,0.294554064176466
1,0.9976519810970289,85.19548705041008,4.140007983906395,78.36285238789804,474.46180407981194,1.2080908875600669,44.67078454575228,4.3344102462394245,20.62330232040394,0.5105071088260312
0,0.8921016410826508,499.99925203240144,12.367526379433878,3.2,237.24306735128698,1.586715967479193,60.0,9.0,4.372708571821044,0.2728375009545839
1,1.061247658640378,88.2924910814749,4.679165226029973,80.0,207.32578587133577,1.1339827189388982,26.65762898092852,7.591241743372012,12.316628906443734,0.5314780889885585
0,1.0103932895335546,122.00883749796985,10.555011238367063,3.200000294109686,210.58733844227214,1.3310874241090127,60.0,8.999987720690848,7.203963595083584,0.44597497590746965
1,1.5378933169126254,169.58080775153505,10.958862319322016,3.200000777686423,131.3295366435058,1.4030488503557723,59.99998050462273,8.999923150066358,3.5196771308555856,0.38841695937024984
0,0.5240611293363766,116.09977312319654,4.366080755540254,22.64024975527362,500.0,1.3368992911037652,20.308307873237002,8.988104396533188,28.139743796331512,0.47189320259396045
1,1.142443056734858,314.25487161982693,20.580204875375305,3.2000229823434188,246.52896657645732,1.7251650253538322,59.99948671866056,8.999657498443128,2.600000573079454,0.30894123767997833
0,0.8914963424840131,267.48724870676784,10.269503715267229,3.2,349.3863674978932,1.4595985458280993,59.99944753353424,8.999913795586165,6.89650857217532,0.36032221456174923
1,0.8863823966354486,133.39878019343578,6.268889594287337,53.334849611348844,84.00427659603069,1.2127376595617,56.14075970924173,5.4723556559826285,2.7306346778110044,0.4268176871909019
0,0.9673503338935089,116.79696777492465,11.878796913875647,3.2,222.35116260620384,1.336930070412485,60.0,9.0,6.590198392815041,0.46249479328437537
1,1.5479084339292668,74.34843890727778,4.720968913985911,41.60279329807051,365.6508856964591,1.1454797413257616,24.610225511650317,3.683730461933506,30.638438954827805,0.5948817043118859
0,1.0085393812065233,91.22993239086665,5.0990512171699685,25.017570512235807,496.25066946696376,1.1032279037447699,59.267167031479715,9.0,12.951128139569173,0.560133579638711
1,0.7545533681398434,187.6224037261926,9.432934994355254,25.682276898210553,34.819842448256225,1.4419236940022202,5.249033472094148,4.68111988357686,5.540597084227906,0.4250834778672165
0,1.2533820389018886,154.4841557255736,6.788757107846514,7.524782682138309,465.2459003322383,1.2697331758507493,41.150061660008554,7.8598796759189336,17.4263772313997,0.4495077006712501
1,1.2795702913065383,109.68908428969057,10.760829469759901,3.200000528916094,98.54791810801943,1.3067238759664204,60.0,8.999960829171677,3.6275639278636453,0.4452134123698434
0,0.8022815226571871,468.793347767975,17.71696543007963,3.2258780114232803,181.91607613213196,1.6315451150617712,56.54144098854988,1.9110468340327438,2.6,0.30395127238708997
1,0.9858273779586972,135.2192518606605,8.036328541834905,67.3288836887015,130.43763385264148,1.311877540121321,5.2811341498335365,8.733112958722538,27.328401474188688,0.4921749018227029
0,0.9747931688079183,184.05785580569437,15.55769981441635,8.990704244358529,46.713627203532184,1.7193536031467842,2.4751773668575114,9.0,7.190771642193422,0.4334653320637649
1,0.8704020279702476,301.48635738936105,11.449264535289947,3.2000020390321597,263.7389076874743,1.5064957106545391,59.9999500371632,8.999958917242393,5.0966073202897695,0.3312547490453721
0,1.1052230491768253,133.53249963942721,10.679718344771217,3.2,269.4660525305131,1.4186070287290322,59.99991872299688,8.999999593676392,9.364373915729349,0.409812300937075
1,0.8203949431386315,255.23765354208095,11.027607565217881,3.2,401.20615155495733,1.4986580227554527,54.94963661120197,8.186276998681862,9.975466362143804,0.35097635434614705
0,0.8710122451302627,74.74840868976783,10.687937231840259,13.887083686896478,121.19110783751475,1.4439562482429065,2.502903423437158,7.421021318548048,63.68446806740733,0.5627005018922213
1,0.9412883806249238,319.7590625788521,8.72653272033406,71.29861104147919,72.81523120285499,1.5281084748766869,3.8060904998682825,8.972165504628444,9.04850035864586,0.37179840227422073
0,1.6450975157610876,499.99989614566556,12.089627978806448,3.408486643939759,499.9992731623435,3.3093916446768565,59.9993193356318,8.99999378557654,17.234529335994313,0.12221629220101152
1,1.3883023133884067,91.78860770285962,6.357682348845691,56.25968154937204,76.65187600940024,1.2079820331562765,6.506329442581098,4.271480750866713,15.567345549117475,0.5589827357676141
0,0.8116290746624737,194.61708610332911,12.177776984646883,3.2000000006195064,242.1914061887213,1.4488596674291463,60.0,8.999999970704215,8.447043056707228,0.3608990980241772
1,0.8553648325721638,80.71546825254701,5.536218565778068,15.475427937652114,500.0,1.1958416745733402,15.788210724951771,7.451248552310833,65.0,0.5771902798710365
0,0.8740788676321015,264.2306879298129,16.53269745000946,3.2,416.6293643910227,1.6308163475285782,59.99998778531289,9.0,3.8635320468914793,0.3558508721112744
1,0.9727254987828459,114.18280311438907,11.475273707624718,3.2000006129256113,212.57415568569198,1.3270334511334532,59.99999552360296,8.99998371522449,7.10455989371348,0.4587221822742971
0,0.6534436964466646,112.08287976991211,5.682456543332578,13.349429247823355,500.0,1.3069714514943434,12.91674380323467,7.822267198167716,53.17237407688029,0.509751163681248
1,0.9361595386184759,391.5247522105493,12.100903380129848,19.41367339030129,58.51300161604451,1.663448702466467,2.4041325409768923,8.109344554626535,8.842603219540454,0.3531600402471645
0,1.5053727932318415,102.23817034792935,4.4276779875445325,36.19511375558685,497.62798459012936,1.2324404383902257,28.133013418144348,2.4143395193744714,54.58958921827419,0.5204208119116145
1,0.5488191380408972,105.25048837293672,8.961444008225625,3.2,280.33518621374384,1.3237401104859832,59.67870238694679,1.4229214025545767,20.90211314488791,0.4672362410301588
0,1.0220224076948012,122.84887155047284,12.198286396605429,4.7168595703536145,34.68216632066289,1.5177134131011034,5.641707131169428,4.55021623301935,6.726821570664167,0.45647580034847585
1,1.0732993240091668,148.43722540645845,10.39107088785193,3.2,147.35025605115737,1.3231507979826085,60.0,8.999975330775797,4.822992156090975,0.421296895347221
0,0.9823393179684611,199.36774362802214,9.760877064801718,17.52400948795981,148.82954500932908,1.555628967366241,2.819254359192685,8.027142911073698,21.46173415070329,0.4655153592795041
1,1.0445395197507044,228.76027330349157,11.549494687822989,3.2,228.9100646772066,1.512109339791999,59.80320545945111,8.923402232095016,5.180899052149956,0.345731996753954
0,1.2756581449961124,86.48516571308414,4.460051402884923,79.3079436599886,282.2998676219128,1.1865003139116321,14.650044846687484,8.907568908678666,29.75072871077152,0.5313151952558764
1,1.0654530017085702,105.90215467730607,11.10779729116045,3.2411804982320884,42.30774979796147,1.316143709396035,27.71828489350355,0.44578989547349507,4.731089744458696,0.45942955539079533
0,0.8611461146983395,499.9999400492819,15.672056090174873,3.2,499.9999732901232,1.8720240634953693,53.675608432175615,8.9999965781425,10.241613888370328,0.22454716998591218
1,1.2393285606796496,129.5061265560347,9.248808862593997,79.69219017113554,86.30827868715679,1.3854051280628872,2.903588328192411,8.95018187134017,18.686083963577158,0.5045663218144173
0,1.5181373562153022,93.38183982702527,4.110144241199344,80.0,237.7993408619049,1.2053256970536852,37.57325312176965,5.885711496026887,9.379811016078158,0.4989201200671366
1,1.0654510140643463,170.12398124683457,10.821035723247217,3.2108175387090068,83.29271591506013,1.3856663842719485,48.99737302744242,8.6706492638063,2.782624316069311,0.38872651159919513
0,1.2856967974406819,110.2406950128698,5.631263418411814,9.573128512441546,146.5353170158684,1.1588989960472846,60.0,0.6453671803326014,6.241590620518447,0.4942729979530466
1,1.0773519612965958,233.35258831532073,22.043070343232827,3.2,98.23357631298826,1.5333315621513188,60.0,8.796112883743872,2.6,0.35228265397628117
0,1.2483596346317873,147.96301324913287,6.045191074731177,7.381906425538375,146.09062281042824,1.380535217998991,20.232617286669413,6.87074735339885,10.361549281600302,0.41785437647030077
1,0.9415952757946874,416.51611355040137,11.661697078888404,3.200003037448187,426.9333676746394,1.585947694667389,60.0,9.0,6.1566603922223795,0.3014345746811729
0,0.8045987801547313,149.07137790288053,10.048275526238056,3.200000596171313,128.88839868910878,1.308175975664414,59.999941572903296,9.0,4.256903015333638,0.4233633058018793
1,0.8173923527233313,119.68317363725258,4.882998761779692,63.51120019748762,413.5525133134945,1.1445546209111264,30.306784627740214,8.567787883507485,22.245207842287655,0.4964567085449985
0,0.9662264495933562,81.3377706541145,4.885525133291241,80.0,436.8803938413787,1.1510505561320137,50.702376698417844,2.4917442243067938,22.905013201812732,0.5436508087476943
1,0.8784531635964826,216.40152449122306,14.346245994595513,3.200000223867496,287.41453664272217,1.330325666112095,59.999987432848414,9.0,9.800866984194343,0.40169358599429394
0,1.1301300510244061,184.17716105546543,20.94903256211022,3.2,139.80572481511413,1.5512350558057475,60.0,8.91544133102049,3.0219227760024263,0.37636525725691444
1,0.774806877310631,164.86375634464403,8.113996524059534,80.0,116.04550985699107,1.382231649348658,3.311001677862619,8.7902494507895,20.15501642601328,0.4844827824661389
0,1.2967241670285239,61.75370867434518,4.561954846848976,35.35770836461476,492.74020026866714,1.1200297166779314,22.68201387267419,8.80869817285319,37.32701707685807,0.6199829002840956
1,1.2670339670420658,245.67051303082144,19.692906140357294,3.2000003662249403,113.08971342673195,1.499877550554234,59.99998621146577,8.999994323225827,2.702108325802753,0.3534502554821257
0,1.0270809930537963,196.09880001250255,11.877756148221659,3.200000443484743,326.87796893157656,1.44577986599526,60.0,9.0,5.849593647656974,0.3993283250707841
1,1.165086393697767,92.87301333291127,8.013346553540908,47.04372529623575,108.28038362258313,1.2252226016074736,4.059634898359243,8.999990388854243,34.269670609977226,0.561153112911406
0,1.0914439540426812,88.0709089084716,5.466747069195745,20.959258097118656,486.7719968668708,1.3208112195988198,14.642290827770754,2.914732345484861,47.309643393311156,0.5858362590429625
1,0.957507462076555,149.80310167150904,10.541780163937082,3.2000003502454692,264.8289771510305,1.4098096021091695,59.99997781988323,8.999975491383106,8.750174014074753,0.4032686529737653
0,1.0813119998147842,227.3656690235684,12.483602603042005,3.2000001173609314,126.52932673438475,1.482057716758844,59.99993663347361,9.0,2.9304871089005244,0.3423889011369264
1,0.6907145266442761,188.6781678862452,14.515791821775984,3.2,393.40131394570756,1.5297636411667273,59.99994072690622,8.99999560422045,4.761217789953988,0.4147512799293329
0,1.0377160685760831,147.86626291674946,5.585186792005851,7.539546634538114,474.55398506141194,1.3946458786328895,36.44037672618247,2.6333938107572576,21.97334300535179,0.43446622890776265
1,0.9207991858923965,159.7449447170988,8.355494965043231,4.205117818649065,500.0,1.404101483435263,49.43853292349378,9.0,18.43483364387169,0.4045814662748574
0,0.6844453477921273,118.58585717017601,6.675034808136911,5.134426492636723,398.16175146347723,1.500368183153237,18.823116793158146,3.0104070841194455,56.379973714946814,0.4435547334765266
1,0.9589233192157017,146.64647850324522,12.637620740846188,4.172425647234869,209.15155304567546,1.732576238720496,3.829662168904947,8.606000196288377,43.02765055164345,0.43045075684585554
0,0.6922018394117034,119.94835349017134,10.54791858586654,3.2107376869960627,99.6261812157737,1.3862014882654725,26.48438223950924,8.380413745321807,6.438446209607307,0.4484872568113826
1,0.7779847067595161,162.00169455731583,11.500080238303898,3.2,192.42300504518846,1.3718377877906192,52.20463035720954,8.999996282079904,7.272349865049313,0.4054739113415503
0,0.9225522328234513,106.41108164284923,30.0,3.8005951318182483,139.63435922029106,1.8999245310826132,2.4,6.318508801236615,64.999932747885,0.4683185823543675
1,0.9483002104335901,396.6767691957411,19.928839648434494,3.2630573328087076,63.13108884289228,1.7452494669814582,12.695036915221975,6.873865918096447,2.6884082927416584,0.32139289339558663
0,0.7288238458393121,173.67468734927257,11.453579813111059,3.2,133.5178121798093,1.4446163246685,59.9999614576155,8.999964994739628,2.9076364453731447,0.38233257494544765
1,0.8170901496968762,250.62734682804407,12.020328697512923,3.2000000024807735,263.51378205132147,1.4915535103928255,59.99999906366435,8.999999909203124,7.281312284148216,0.3377679022209529
0,0.9077955473335335,323.4012170431372,19.029210526533646,3.2372288852347397,229.73445702625565,1.6680099840522793,60.0,6.2246126714508625,2.711007239995858,0.32575424136336106
1,1.3433127275368006,161.31300230962006,10.914401691890601,3.200000344390396,254.10569828857024,1.388181047392179,59.99986861941993,8.999987032518,7.299047186533352,0.4085789475765828
0,1.0247058154568698,215.31669430734658,11.172139544300313,3.2,182.71435291663963,1.4888459592610068,59.99991411915026,8.999864785243036,3.9956498047780675,0.35522328960764843
1,0.8315744134250389,342.2562706219298,11.182599806853057,3.2,456.4701331281129,1.561086808766256,44.48481676818875,8.848643708967858,10.314571962568307,0.3261329033895082
0,0.8197466782008875,262.26194054601416,16.21141151377599,3.2286273081924146,239.6452908235366,1.5521204583683645,58.43328916156881,9.0,3.2116812126715635,0.36564754863918103
1,0.8646928208481148,185.68790581168832,11.31809837765585,3.2,270.02732953615595,1.4149052068273336,59.99998523515783,9.0,7.055715650998224,0.39193651516259886
0,0.5928481760015852,185.69331920311902,13.43463063501052,3.2,162.09824039834007,1.4041868469831735,32.43342107817584,8.880443122167987,6.225624852991997,0.42739469173730915
1,0.918016147290708,140.4568227367948,10.797019033274328,3.2,236.75633769074068,1.4169892370231387,60.0,8.999978758976042,8.673453503910848,0.4005151258975509
0,0.9064809798267327,110.61725095134544,6.0220223151602035,73.02042226849585,20.025660383783993,1.2605714071580583,10.07044282015582,6.016990886200091,2.6152951655699024,0.4639220742381295
1,1.3209554252218711,154.31727424401612,4.59131888527028,72.00554445835054,220.8498877038643,1.3134431938319535,13.831413334208488,1.7611757873148144,43.03881779548999,0.44911436462388277
0,1.1063736232231582,277.0836216331686,15.84337077856563,3.638086029895541,244.6870758700994,1.59934372337574,57.91335564595798,8.677764777827035,2.9596497820405485,0.35221877547341723
1,0.6927453013076976,226.17504379289954,25.654333720831602,3.2045719922874545,81.51595062922621,1.5123425495470726,56.60004491020038,7.362382515031689,3.131791422643787,0.35384264430869705
0,0.8599376334680022,89.91427162772686,5.141536876341613,14.488800048591514,346.4856432736593,1.1645719110868875,59.10129498645127,8.953503475981151,8.603771382369082,0.5314685581945914
1,1.2873323679483695,231.3677042878025,10.41935357874193,3.2304371366354934,94.78337166348689,1.4536295791970764,52.63436983604503,7.808578390576931,2.7268150903031936,0.3442381497253629
0,1.2963417942265478,151.3021214786505,10.790539984187182,3.2,87.04645593707531,1.4392444523790304,22.696744272372285,8.397906131637603,6.22121305546314,0.40946131334670066
1,0.7501137589243819,157.02057870625154,11.502911508557272,3.2,180.5984202867966,1.2900772232605546,60.0,8.999990479696041,6.355817966418506,0.4298935079238023
0,1.1605435624270435,256.8667533108483,15.843117307031596,3.328392264965236,231.57884261445534,1.5474750508427764,29.002738306496738,7.29073799734136,7.38018180672143,0.36751539247611104
1,0.8180093090744983,147.24974596379658,11.521504248269519,20.68927634557564,70.60347055962158,1.596805457710683,2.421431692628162,8.635555749882393,11.23186315691419,0.47411647673096907
0,1.1439125739584715,165.40683348495367,10.843799982625692,3.200000239771387,308.2051934079496,1.3806377892531716,59.99994837594002,9.0,9.628860368846611,0.40820875871692897
1,1.0655038918307471,388.51410869978133,10.174031491045492,3.4238385035320587,427.38590992173965,1.574547337838632,30.035127737069534,9.0,17.668283753335665,0.3103611429547534
0,0.8760399923457245,178.9738181070835,5.989889405336348,39.22530839993756,224.55917058764982,1.2888982409943686,28.2357206903076,1.280305803102148,31.51524935157565,0.42503169043184397
1,0.8101905047099921,142.8823854933885,7.270183347511354,32.56108023790212,146.07194523266776,1.331448726090589,6.630365130451128,9.0,18.90961561233989,0.48781594150250707
0,1.1377565504730354,499.99888173278197,15.016133085726384,3.2000012851198654,499.999029616489,1.8300964884505324,59.99999725468528,8.99999621838863,9.722924511055083,0.2298277904149317
1,1.2412598044965284,107.13663554029267,9.751198570758485,3.243224160599331,240.93771873341635,1.3799630102438676,37.96601701090479,1.3295538572603989,36.93569513080203,0.4571361260746156
0,0.9053983887193469,334.34387581893526,10.482247771386877,3.200000713481509,184.5556649309345,1.4590837598295967,59.9999064065332,8.999968436093818,3.8052869262190563,0.3280765005286913
1,0.7812701391003395,144.02980456847098,9.772110402472935,55.02208348519175,64.69730628918447,1.4613843430736848,2.929366922162291,9.0,11.342132874865962,0.4867407721802572
0,1.3518074200524826,83.94368018414502,4.720921912986384,14.333684371063669,400.43055911879736,1.194347186626041,41.09312804989867,5.715579877323591,17.663214732774165,0.5297759980343127
1,1.0369855348681105,276.30557454042724,11.980509057696812,3.2000000369234978,185.4342705357567,1.5519930201576444,59.99994649204585,8.999978848470725,2.6,0.3304697578559043
0,0.9045353501495748,85.77230682943761,4.289400012620601,77.93507520874437,436.78699308110157,1.1961994112590466,58.052867250067195,2.034812466786438,22.659679439695314,0.5066502991950497
1,1.3654490094207197,498.12337926225734,15.21017407845496,3.2,445.7216895970877,2.0855928926324245,40.40219805945737,8.876731450448554,13.077039572643118,0.1983273135354974
0,0.8767087120565459,102.1454478848849,5.307868145255268,80.0,383.44560782509245,1.1741725700013528,56.779813039192945,1.9836435908582786,19.66142819874732,0.5031721180794841
1,0.9285957501263283,72.07921075470415,5.564987650805826,18.7213789279613,169.3482776338371,1.1765664472578066,19.763335065557467,1.5203180406050945,35.145043161381516,0.579400658017997
0,1.0661391963616522,155.43500361142165,8.849658154095719,43.012356150708605,57.18268134553212,1.3890960703622721,4.674673104692394,9.0,9.757769052172,0.4586745023478106
1,0.7754082854854932,204.40963671028197,10.066748727530353,3.2000003230806984,232.4627659240928,1.3934750034340129,59.99893663027438,8.9999984172754,6.658765112440917,0.3824500362481661
0,1.1948172427101384,65.72000860880739,4.188485666253996,38.53515900799054,486.3675942528399,1.255226869364047,22.44781964560064,4.627667041740613,65.0,0.5459134869019652
1,1.5603262470046533,107.35947453658449,5.6959406639196635,7.879721762406613,500.0,1.4476223416475142,22.543451953720908,3.1947967504043366,64.79259172854057,0.45246196176674935
0,1.0531722540439412,134.67719199442246,5.919059088037334,9.377254215039951,395.88581779348044,1.2658215535873978,60.0,1.0634652447809476,15.494031333578235,0.4710557696612848
1,0.9003540725165606,175.6096234503811,10.077206263390224,3.32188932553037,370.662789201327,1.5620603474850303,18.226942801141504,5.189942881179256,47.746303618598446,0.38607774438189746
0,1.3864886200029187,61.27784117898723,4.620539691400618,80.0,492.9715146767708,1.1342870951319353,18.714737019962715,6.4027747285523775,64.57708176183947,0.6107093522813981
1,0.8381242675067132,119.77198597820262,11.925121884609354,3.200000775953396,256.40799953134183,1.3440875658128864,60.0,8.999997945545418,8.729382578337342,0.44943084461084293
0,0.7636733083573534,177.86229279068442,8.3665853418208,4.313526728398553,429.53061538700007,1.4660858332443714,39.60494677862705,6.84828760500254,19.06772876769291,0.38068683200275394
1,1.0425851099530514,137.80572014001254,8.88668822468605,3.585977585878643,364.28627993828275,1.5855609948117864,14.342341979704342,2.6114020548734365,63.48649678968001,0.4322320181118302
0,1.1094358924430239,123.48809575314327,7.0283121348688615,5.905867004396101,449.146188729977,1.4228717211548974,12.43571993404549,6.3195439778311355,64.99993448936168,0.47444165917311554
1,1.4616928503557534,89.14980676489081,5.061842055124674,23.8577956152639,167.1913256720448,1.1647769846556264,47.41223414372696,0.8909663415000063,11.495181252350372,0.510123081394921
0,0.6036978373695893,156.614938754819,11.430048913814945,3.2,264.57939178323613,1.3566585458302287,59.99969399680984,9.0,8.633740729609167,0.41740986594617263
1,0.9573198742963652,103.59331834075714,5.136025606639908,22.931897045053862,484.51085935709796,1.1737149932734237,22.928974085866155,7.069579566334146,37.86587489293721,0.5282227769822513
0,1.5062714125800318,192.01079174482243,10.790612847980466,3.2083667161380443,405.6751137751159,1.476349871493365,55.29316483176838,7.462029783941121,12.43115187657055,0.37565616641949917
1,1.0787564161388885,173.65988614393981,10.389640953627206,80.0,29.037609787783026,1.5763479602539698,2.8968606732147073,1.727900517141668,7.168120126334932,0.41601029938847406
0,1.1834140634510495,67.80341571927605,4.149124661977064,79.86045218478125,453.0812930437635,1.113957033005125,28.71127302675977,9.0,31.674861623004563,0.5724695644726081
1,1.0792629096145838,170.74896878837785,10.085232451182765,19.657832017668646,144.77537786568752,1.6830426844945026,2.704526652877384,2.184790246157238,65.0,0.44134309938124017
0,0.8079149590008435,500.0,14.742235054684413,3.2,345.3510347026995,1.5042327198871641,60.0,8.99995036833289,5.187834177120202,0.3110715485567636
1,0.8452304817460095,302.36777026512334,20.89743084000167,3.2287874239237837,36.22810938339233,1.6498581325321637,15.100583185632585,1.0966076128110913,2.6,0.3359812097508184
0,1.0521244590058545,179.55329420857103,11.25859446578725,3.2,196.66799379521728,1.446313145461033,48.785811771710904,8.504764161263262,7.598902746354814,0.3756262128479052
1,1.0538924723419536,106.94182868259063,10.80670034322622,3.200000300917773,175.441937168077,1.2965902491367145,60.0,8.999977565199549,6.411881464859784,0.4669548619216952
0,0.8285965525432445,89.51295758948008,5.255751849369877,80.0,238.9501662814195,1.1386196821173824,53.35401940901287,1.7840040083347886,13.434278422801594,0.5154020464756202
1,0.7883008574594859,128.52461725034726,11.622261272428494,3.2,157.34650748566114,1.3244496313161709,60.0,9.0,5.553511796301191,0.4349762839981354
0,0.9115635847330689,433.1314870072324,12.409854184739912,3.2,393.5780454508174,1.5563576902008498,58.05970041454095,9.0,8.70205287198033,0.2924963415667153
1,0.9771003135039761,241.0457648136531,12.009986477381068,3.2000000152463537,290.79178667704457,1.523576109225256,59.99993845571264,8.99999976374201,6.939212430259903,0.3394248866870139
0,1.1592621793477687,441.55769278999156,11.265444778686884,3.200275920261813,427.00535429668196,1.5146255632416086,40.36759622415953,4.792145512623831,20.579527746117336,0.30362596408972753
1,0.9110202063603509,93.68396780434679,6.138869624292089,9.88059388527232,498.5215565019991,1.240948540220914,17.1134364294883,8.919509188466327,56.95524760914974,0.5343436306635378
0,1.1832183994551642,127.83355985448016,9.846903661485879,3.2580369577399804,346.7545731339871,1.3670676447076235,42.60395207493512,8.28333911013887,18.74624280995861,0.4408791672417676
1,1.181548962867762,143.67148661250826,11.190228319581962,3.2,211.4745896690154,1.3660492653615586,59.99998620239271,9.0,5.711535904640298,0.42878986078754777
0,1.3169291688572835,433.3682692099148,21.911823170031422,3.2428708824784316,177.49128367591678,1.711413074069212,57.537250139081124,6.475310329562847,2.6,0.28375370526203986
1,1.0947762416896387,105.9708058307285,10.045096891575241,3.200000611565553,223.4049620445781,1.2963631228064216,59.99976911272595,8.999991918130263,8.361452321599952,0.47137335596860663
0,1.2606103888671536,130.43362631073163,9.870048207202224,3.200220373684869,187.5412658106234,1.3760011728021784,60.0,9.0,6.613162160709194,0.41880105854462396
1,1.3664495758449517,211.3832785625037,8.78876908997122,7.764054408898771,84.48216838183725,1.3357792544937261,38.28036761323289,1.8220239069246347,2.87603265933112,0.3912581035006479
0,0.9146520726258126,109.4379257497189,9.537808337887483,3.211897143924894,272.46808293720727,1.3252815665929059,57.71547286134232,9.0,9.989773015371833,0.46561424768150017
1,0.9712282944485385,165.35669049514252,15.939304846975853,3.2,151.08649042789378,1.4548437673258476,59.999796587981315,8.999947303827128,2.878687706904597,0.42453453074890174
0,1.0399601008437407,102.76553378944266,7.171642132236533,5.6740296955916865,171.11069241550592,1.2192437843541153,46.63480232354641,1.0917888407608796,9.484657584997208,0.5072352965130597
1,1.013164583647455,128.5362145086311,7.279454285284175,9.372846902826645,172.22510817847345,1.2591093895753285,32.6294296093749,5.687630585793944,6.6443437171214965,0.4800320581263019
0,0.9208737660486178,158.05838000454276,13.891942436430545,3.2263955871710213,151.79365840337363,1.409473410088255,44.364796047635274,7.493329535701755,4.4442900484793935,0.42717531955762994
1,0.9947413932399264,325.6881662827456,30.0,3.2045121620699635,220.3195028729023,2.0784441097374415,3.928347023814062,8.906216996946066,15.311000157701917,0.32970930880571764
0,0.8729867107869198,108.76595265067284,4.999152428942045,35.252203024056875,189.61485477871403,1.1174166094300588,37.38813354481996,9.0,7.499969714981283,0.5164257047441226
1,1.0173252353411584,225.42732812193233,11.1480549359704,3.2,128.77944361716195,1.504774207646,29.799825638104586,5.993711113816147,7.022273064193039,0.35236602300211256
0,0.8934069847197341,172.465721691696,11.134299373971942,3.2000001851910116,292.406044082292,1.402506196739588,59.999984847587996,8.999998028506907,8.72456358272081,0.3974212299051289
1,0.9040599157456024,108.11013655574399,10.568073307042638,3.2,68.7539677601376,1.2582660882347305,54.847876160256305,9.0,2.710191429891296,0.46176658051889763
0,1.012775475806825,221.1413733928163,11.369347578264176,3.2000013530450233,161.07286805248984,1.4020006612371336,59.998543865051126,8.999825579747311,3.6255480831167133,0.3758854527882693
1,1.0321044858313189,159.20619359419157,12.468595814472142,3.4973287079515996,277.71619124083725,1.4790228785285104,40.5981125487173,2.536245251620232,6.894459690107482,0.44555591682713847
0,1.2228613960912105,133.78162223251925,10.166246502284412,3.200000309611288,245.59068902821835,1.4226454140991351,59.999969542883626,8.999985415485156,7.766380513067887,0.4107142039607993
1,0.8641185613689469,103.4009466647382,11.015047764051596,3.200000095604385,251.842981410575,1.2699528286447919,60.0,9.0,9.625590343250515,0.48932886043509544
0,1.0305620388045893,177.59065560716874,10.884507952398994,3.275804128303329,323.9435818415176,1.5274942722035445,45.96925639352456,6.774368161370731,11.293622832143331,0.3698568113151676
1,1.124455996929224,76.39917042293283,4.891379614492702,11.433982096157076,496.26991689529035,1.2089966416341031,60.0,8.99089899421838,12.048973885857036,0.5461457709266737
0,0.7249018743642368,170.46281965557546,29.395209366307796,3.9117993102487203,214.06765325623152,1.9562479118216238,2.4,8.999993057135004,64.99955608523003,0.40766416300410113
1,1.176290637413168,311.6440081319288,22.042878442504595,3.2070245117810474,149.93634965661818,1.65255209937319,59.46377502184105,7.343458897082086,2.6179639633400793,0.3142406355936984
0,1.1542164870868035,307.22246412671757,11.287135091276602,3.2000001831957263,331.9118653784879,1.5207103223652838,59.99990087771724,8.999994748783926,6.646856181088086,0.32850720614701673
1,0.9275422935370496,128.3122743016376,6.558242615941159,19.616410663122647,441.7869021067212,1.2633277423922944,54.00263152730328,1.7896632151572682,31.453692291201996,0.4600008299199649
0,1.305590149466494,225.3759023226474,9.615124057317125,3.5877540603735127,391.6261228955758,1.5470183963566346,28.583211084038368,6.081335683763055,19.416514095591815,0.3604354721930091
1,1.0987053732181205,259.513168701806,16.08754909308362,3.200002674730815,164.27373842256281,1.4818618792318,59.99974188076422,9.0,2.831671097964221,0.3713797058851846
0,1.2564481800036555,138.45387383196396,7.19397480506911,5.024361594968088,476.30507501939707,1.3757511859411977,35.06574461355533,6.272799648321053,26.44563841115857,0.43336200799837726
1,0.9617044668649947,146.60676572806258,11.855855016652232,3.2000002327413046,224.92465147540378,1.2954826525021346,60.0,8.999992846477783,8.782703566871017,0.43438876534878446
0,0.8533980489412876,130.3524374634075,4.713038444460716,77.46620092072193,243.20420211338794,1.290395684258157,38.5170879786867,1.655014931853704,10.0878366966655,0.4449509001923965
1,1.0687520285524048,87.84102928044621,6.16039121323882,8.50582066573242,69.6064165318032,1.1855605430471903,24.29193884495702,5.100022550176851,4.151013828823754,0.5359044980554631
0,1.3497352642174385,114.37421721482824,9.784192694151336,60.266576908009434,101.633203530691,1.3923292824415874,2.5500522003158945,8.994132771520615,23.558961660649413,0.5398851568376681
1,1.0843352675591884,360.17561512274585,19.627285156808963,3.293894360169661,55.36248794476566,1.7365199105336173,15.632854619436921,0.8430083946360356,2.6,0.31753368651831987
0,0.8412001058163303,79.03690673133997,4.595529663253241,14.031518663292925,500.0,1.1714374480826508,39.60174016427074,8.403812195482992,18.612691423902422,0.5706679809105454
1,1.035106235248263,372.0192031447427,20.763814960383456,6.557917285088445,40.19727456714691,1.8985343797913534,2.4000239466668023,8.999464983888315,5.929801622192724,0.33274913401062395
0,1.350837064415475,87.01045394503652,5.103855675443584,14.224982610004654,396.5271305332719,1.2713097143816505,16.872326301122914,8.753221124163142,33.03392671810159,0.5295424272571426
1,1.6872376715326873,483.6972590974766,12.159948063777994,3.2001076716334,499.99131196686596,1.8539412194999842,59.99676136512987,8.978290629018623,13.313879836546697,0.2279433684420947
0,1.065030120813888,114.059058189022,18.110026922220374,6.058614065916669,87.62013438724736,1.8093234571973387,2.4,3.396843577092784,51.48027202806517,0.4440952957918908
1,1.37329118360821,202.6491648044021,10.235924249891188,3.353704034019924,255.99159750861742,1.4636955297955156,27.658962764425247,8.253861366003507,13.860694512521478,0.3865006200107178
0,1.36304717234664,152.27732770392663,11.219816846516332,3.2,85.88025706296045,1.3713180085693901,59.18076266033589,1.8884749283523756,2.607250454223081,0.4008425795953472
1,0.9692015558551477,188.45546523761266,15.165821050592207,3.207997709843362,42.62588718289426,1.452464256032672,14.915566290219097,8.897883104761476,4.023493884303874,0.39889116503484845
0,0.9145536442759423,391.29294066932266,16.70361538999433,3.2,454.3951366042714,1.6382909675794648,60.0,8.999982937651472,4.075201288856618,0.32400318605733774
1,1.0229468761147367,121.84872835298052,5.436330563260954,22.256912715363928,362.0263770418493,1.167590319861401,59.99998610001611,8.999975056013804,7.694765609058983,0.5004864262506649
0,0.9611696623268342,104.65590280414742,5.362593651480642,10.37744035933082,489.03251503867403,1.3752614279911894,17.379587496100157,8.090474646508326,41.28818041443685,0.4760407618928454
1,2.355428435742036,500.0,11.191529629936058,3.668427149206811,499.998920668742,3.817367205690144,60.0,9.0,15.643939387328787,0.10535356974103025
0,0.9416145594560151,211.33002043777915,13.72204748703425,18.953937369262327,34.85992070168582,1.6438559952304748,2.77678993185796,8.98837302456874,6.448881143707348,0.40084387197863913
1,0.7535260255302978,132.36516818254069,5.0767608358165885,80.0,499.9010648587965,1.2051135098090395,27.152597409872218,5.760532690865517,33.89092256448428,0.4703009291925814
0,1.138874113107443,98.45592344027155,6.422795471984949,12.551772684222414,270.8061197893022,1.2990434851638006,14.18054552289745,3.4365810270598853,36.098569519681234,0.5213650821451608
1,0.9520479944001696,174.01681593648723,11.867525100194845,3.200000245097686,191.56930495514518,1.3929200244097573,59.99989355351388,9.0,4.84794349432933,0.4003914663097175
0,1.0376804138124078,232.15620892283792,10.34467509937364,5.949714123357285,180.79424076509775,1.4572433006319032,49.70395037443436,9.0,2.8534095820963814,0.3834241029808194
1,0.8959626419988009,490.4206631435703,16.948624387667074,3.3276241592855365,323.0890300842871,1.7506238169270372,40.77870174983382,8.183784899358612,2.8270231765552802,0.2967087783560029
0,0.6392670059793674,177.1269752674607,8.448847941124201,7.160357673713661,177.4117434114918,1.3582042004690367,28.795994642075563,8.827091670491788,5.153318869413949,0.45547787923518485
1,1.3307176495921285,109.64844502163768,11.468480855236887,67.39985292722527,32.913542584260014,1.4260042159066606,2.720600973556722,8.997271682635535,7.353587094827263,0.5251667652038834
0,1.2989694858705554,169.25165998178989,12.478691688362968,3.200001024135903,263.95370503667556,1.4210467219790948,59.99994312037296,8.999969269521085,6.678633695945489,0.4004426190264278
1,0.8564539414180514,90.44442377548918,4.941113767458411,79.96559150328079,448.4703847264244,1.1404752055222538,60.0,4.933021195462199,13.521253850168437,0.5227739006163246
0,0.6561714062075966,176.4279049471256,8.00054632142397,61.41253373212946,294.05757147526145,1.4744112638432338,2.901144028545901,7.87918395021641,56.796225573841795,0.4798448186084501
1,1.02206867332989,84.53364093504211,4.169281111313496,70.36173360574634,499.91703834898914,1.1643811888719828,48.14130435875161,9.0,16.84603137834644,0.5229020521113948
0,1.4076301737923822,142.66055690528611,7.018780619216682,5.3446069840489585,397.7219730446757,1.4415339713757471,18.458782128956322,5.324578004599212,28.66229133541635,0.44710366958871195
1,0.997781167309676,185.17704099042726,10.733092495434509,3.200000164237637,281.1862688642469,1.459477009737481,60.0,8.999978324570165,7.198326973479564,0.37957966891605677
0,1.1292661618978441,213.78195741720867,7.221047699637786,80.0,187.75366566366256,1.4643816221100754,5.649096457025321,5.502383290423209,21.828803204206018,0.4191440831590735
1,0.6643636897632131,114.16430418198802,12.285197976176459,3.2,290.22279419282415,1.2852579724089117,60.0,8.999988416095617,12.114880485761812,0.47078428842471765
0,0.8551440857372885,134.67446723478383,9.849403303556926,55.61637318710218,172.60826529022066,1.4021119340333426,2.4251137700841405,8.465235080580868,59.48786892529742,0.5040726892546658
1,1.3393904359520155,225.46137862002837,11.704468910363712,3.200000549993272,256.4380727210068,1.3806209511639391,60.0,8.999951850754444,6.129135272386072,0.3887682736343235
0,1.302506078234816,62.25821012625939,4.401186759290461,39.90624637099429,426.18476080431066,1.08525952852669,28.47906756035392,7.41407361972235,35.43285031488034,0.5991977878858513
1,0.8858996851738196,159.3502907767286,12.685745780099978,3.200000499362558,162.1090703062083,1.3774428570100528,60.0,9.0,4.104743238736155,0.41449368372948353
0,0.9440741643478046,144.4954140125326,4.828472790202136,49.690940195432674,121.94529094143708,1.2329577615335656,51.946749102384274,1.211091701285075,3.763849327601782,0.43033268325900675
1,1.367033717298026,186.51137651604972,5.644044550182064,9.177895018008238,175.8195681081007,1.3302897179327824,53.29055681691147,8.502829731403743,3.83280032509102,0.3951931833893241
0,0.9868570498558316,125.18008355852814,10.427716101038532,3.2,446.37282161843575,1.3854031827196425,60.0,8.99999871314197,18.11617562863152,0.4294430228429062
1,1.4472405785310047,141.18939751537198,7.668227929587347,56.40638606077342,28.575185617018917,1.3496159178779037,6.95217283581158,1.690266476167293,4.779677296193262,0.4628729171982554
0,1.3285022511528117,218.34791729340276,6.641146790339823,12.044540688767425,442.0504266940271,1.36888806007011,18.75634391232924,2.9266801110995346,29.972840674857984,0.43859350367718497
1,0.8014139109178351,200.78831258277995,13.814372143123295,3.46833592298497,476.26433289131904,1.5785398795585883,41.67736843305381,0.9193195109307777,65.0,0.39732926088218923
0,1.349310407595162,112.63627123056382,9.410821315952221,3.3422110878997477,394.7637175975128,1.41513749788241,29.466619600012756,7.66314645961713,28.75589200593138,0.4573492764836156
1,1.1953286337007758,115.46183416301102,8.75949363587248,3.2014970787789343,473.9223675821425,1.3515155666249636,55.71669033519994,1.62340273958854,44.515932875448044,0.47155971334240443
0,1.241226434895977,103.73410783759391,6.320811457420606,24.912043220530222,105.47119742036779,1.367494696559347,4.91268183355421,3.04316772183893,41.341637098416854,0.5007422588569207
1,1.3132330728067878,159.5759308329081,8.63518597808318,3.7860388630422297,343.79031067861837,1.500125520595074,24.690216635090582,2.7362890784375655,31.641638236725765,0.40811731136158275
0,1.2691489387526356,193.97885513991858,12.315393692280145,3.221775001464792,257.289128724233,1.420364593325808,44.104350848821895,8.610612601285881,8.598679051241403,0.39645680257836796
1,0.7555345416509684,98.29917314842797,4.451548070216948,45.178602323857255,138.38293161717203,1.196796501302444,59.665023831545746,8.804921392626582,3.268054957908457,0.4836506898204261
0,0.6019463021380203,100.05092982800763,4.704833724139125,42.08250462957285,122.35328236277277,1.2148015726165977,12.808818488041869,8.4237710969554,15.737921152956805,0.4890083352587673
1,1.2143799165851148,200.8966829763698,13.26483690568287,3.2939844015382516,119.49530115098484,1.4520992102174914,45.26645965067962,1.8348066482302583,3.39466519273889,0.38345008490712656
0,1.0523746945262722,205.90879868979133,10.70432841277945,3.209107569303062,422.8820204447879,1.470082472891676,57.8824192054891,2.7047162210759543,15.704454524737827,0.3737568193159009
1,0.8263043683649088,104.82772711015227,10.371788598588184,3.200030362455214,404.3378322408844,1.2678056029827225,60.0,8.999994208683596,18.35821526257099,0.4863431015736808
0,1.4098230420886853,198.9933797055042,21.169666510218622,3.2,96.75442972227046,1.5441486574872503,54.77936705990573,6.195152657811915,2.6,0.3737159516008695
1,0.9729875937606415,86.96821598722758,4.464739825377226,38.96557670960843,349.6443276397165,1.1080401573617382,55.946720790688495,8.92004787163819,9.130707367914601,0.5534977936669705
0,0.9734969350174911,97.01406187866638,30.0,3.5651185244512167,148.47604755658676,1.8931178205780745,2.5413938235171782,6.91539819720027,56.184949868643095,0.48616395845578664
1,0.778912542213359,211.24389648510433,11.460567859887721,3.2000037148492066,197.35548383400155,1.422837347622377,60.0,9.0,4.674075975183184,0.37491290934864596
0,1.1597717433949488,175.16401298535658,23.74524889554287,6.543997174044755,27.42101318645431,1.8805175107291736,2.4065508545263423,1.0358542359600018,16.03297411744935,0.38697711367997906
1,0.9120720526104633,124.9391553072913,10.116944368980157,3.2,113.5530285176177,1.3306101560039514,57.78093926036383,8.931218666345444,4.041787225240085,0.43118144574063955
0,0.9310733689816354,197.56359363398101,7.529441065694556,4.683588432481601,486.1781144426507,1.5439292415349517,20.29407917399334,5.155080638993624,29.15465892446737,0.3889721961321019
1,1.0118774053242314,188.93737998261443,17.048028422759817,3.2002428666423985,241.86567740568353,1.5775728684690915,59.99143133242885,9.0,3.1288413599846536,0.3910664237037581
0,0.9472456499306707,102.45543286598966,5.195750681398417,9.233240239989646,270.3598980702085,1.255925934098175,41.92379022229687,1.7571170102152203,16.362783782338497,0.4881719027118149
1,0.9111159631876993,203.5891587068187,18.71885601115968,4.5596398739847475,384.35595135768614,1.9550836093084778,2.7364444921435807,5.873538073152078,61.21062421967094,0.3999352363764654
0,0.9520285395682606,162.4172559894154,6.300464227971076,21.968543980554898,429.3589088019819,1.3228036768306894,44.452449581063206,5.864877395112286,7.963868373967779,0.4690331373704078
1,1.0164485463342228,246.55768848768076,7.71691576688713,11.629448194579592,374.29989173130605,1.4083601530770966,42.245000327849695,1.5095008658235032,15.12093565778218,0.38962417495413726
0,0.9098845374340901,67.65807409016321,5.758703049351701,63.03796049806475,120.13286213986498,1.1931961325807965,5.462098859917971,5.314018789758368,41.971256817319606,0.5950813460182008
1,1.0487756826422563,148.67479674239658,11.609702987474002,3.2050234798723687,125.2899396811277,1.4183024238228001,25.706678497834307,8.362699158213932,8.647808774620263,0.41772028915302833
0,0.8994864090870949,79.06371224177798,4.272037568847774,33.68059456346257,443.3117465000047,1.181215762280975,43.35144745126054,5.332888989464877,16.63155110109801,0.5435066094042005
1,1.0501060390248522,70.58853121975952,9.903051581222295,3.200000737688632,215.51796344134416,1.283100596450836,59.999986881294035,8.999986407753719,10.652701032693685,0.5050763176808987
0,0.9531448859246514,152.10286931508108,5.039340519905929,14.190230107571468,350.92447723898226,1.314702509131273,41.502750691521086,2.233038759380361,14.585268425852918,0.4303049340709657
1,1.1380867407802968,112.56826514489929,8.060446257706188,5.183764038170284,66.25901895782815,1.387973186130066,9.705621135595047,8.689747761051901,10.873070742807444,0.4605745092895045
0,1.2810315845707603,122.74330175256996,4.724207055839124,21.869851423390436,483.16184037789856,1.3527338132264903,14.591929418390361,7.02183459651824,54.28452225195628,0.4573666284561134
1,0.8759154636749462,82.0124116548656,4.520428127139853,80.0,154.42353941423235,1.0930838725257392,44.440163012143884,3.404635660169975,7.4391047753100645,0.5330914959149453
0,1.1818358216002347,55.676838237175076,4.001790140139498,79.99995878149689,499.9983676820134,1.1819292088156932,20.109808050344295,5.266732959331011,64.99959480820843,0.6065421415313059
1,1.0562740039888585,101.14785011157116,4.980311326556007,41.600467689317014,343.63381181124464,1.1555875863325407,56.46832745325003,1.896816386472888,14.485180165769147,0.5149505830705381
0,1.0069328741256685,178.86485261849577,22.657533871516453,3.417350322043776,81.38027800146317,1.5378564876213217,59.523355884204705,7.340868758960475,2.623867665627831,0.36435488259297144
1,0.5913759719440799,187.32109032739763,12.200147034795549,3.200690614580689,127.35146918932776,1.4751722982670286,58.08443021660416,9.0,2.923370402394901,0.3637889623586932
0,0.8200920169303246,223.4008578396473,6.571562016121659,21.230764738517177,280.05979257420546,1.2893368725701897,26.675356779474924,8.989918397337524,10.30662874401021,0.4267207869571495
1,1.586115711972328,143.170258726172,11.092857645547259,3.2,287.74587331266827,1.4108084639332774,59.9999821484183,8.999996439835437,8.69085500314466,0.41320273414324815
0,1.2415311988527844,253.72749070016425,7.867862405473732,79.13219633593474,104.28354386742309,1.4080248586225521,5.166982610441001,8.979452239577554,14.506089313873932,0.4003432056195748
1,1.2342552990011126,316.48740723937254,6.584814768728472,23.83524417271619,482.2391013533215,1.4802635113359577,38.44745820143332,1.3050101428128502,19.300702409814104,0.3504228955313828
0,1.099588057755634,160.97416549250045,11.054558542147847,3.2000762393851865,239.0373838556239,1.3462559152384905,59.99587348663428,9.0,8.41138856979327,0.41127462188851593
1,0.9221936356981563,241.87664014660697,10.536003467201523,53.98251106217428,56.08724245633093,1.3741544440571245,2.425787809395402,9.0,14.672108791130647,0.43749319101181644
0,0.9837407803594017,278.41762167881814,10.795285345229019,3.2,264.8005722310098,1.4710996836383559,60.0,9.0,5.42750665171627,0.3466224401289013
1,0.9433859197650433,117.0946173847176,4.293501580547145,80.0,469.87158718386297,1.2489529721196742,24.129881481341776,3.6373413473550356,36.86790931093086,0.49015184955053315
0,1.628773861095319,95.6398092810213,6.408982313428376,5.716803112704638,324.2194617034004,1.2948921674660385,51.513126514224226,7.185556122942213,10.437579140136576,0.48842495624455784
1,0.8117196512517643,191.45134468395202,6.09867493194938,32.24569022186847,409.89308199522884,1.2978336276261566,50.089866832786264,4.200916293342147,9.508036326838605,0.41649093054937864
0,1.0301580713855663,151.39496667324227,11.530957993870379,3.200000105084522,234.34419437489612,1.4255250878377417,59.99994192240294,8.999999100399634,6.769959628848863,0.4003109510400037
1,1.248817860016801,499.9601336516552,15.885279659333765,3.2,499.58347675254157,1.8725591789900147,57.558819625288606,8.95009859045801,9.056233312366492,0.223972466347378
0,0.7276132489143865,135.27422721268601,13.076282249131157,3.2,181.6324866308391,1.2918978765831528,60.0,8.975787710058274,6.469078889304886,0.45041521595828493
1,0.8488497263618329,126.94992951604821,14.00847201592662,5.240945817489387,49.76543371100435,1.7090865810216276,3.0615797005515435,3.6615403655966383,12.586751826060926,0.44641103168133606
0,1.086081639960698,212.34462054699327,10.993147924863813,3.213758981784677,417.39387973661724,1.5237430558452043,42.19686619751946,8.189278665278279,17.0693646125965,0.35769283945601593
1,1.2287554622378523,204.41609394928787,11.577640893021767,3.2,393.4513638653829,1.4897116226095086,59.99999944421055,9.0,8.932786175887525,0.3705170741041239
0,1.1152847223372309,88.87991125272777,6.17741117717919,9.657972089117592,117.89280615112426,1.296979123911409,11.903122695300947,1.019793615217438,42.61666297262353,0.5356301714124712
1,0.9331793915894826,153.48415589539601,11.221350946137694,3.200000272596199,232.6648610103926,1.4374306304729545,59.99989190071311,8.999998470628135,6.9990820888787555,0.39327077642384445
0,0.8105976200786267,181.1866839505786,12.617666975477153,3.200001460727013,294.0714653431262,1.325598949097037,60.0,9.0,11.027491670382707,0.4097964463682234
1,1.0576843463977652,156.19097613290498,30.0,4.6756230979463895,79.3418773458892,1.906985112257556,2.4028738868367916,9.0,22.743255311023717,0.40049089484284944
0,0.8687804264070851,182.40328877498217,13.83593894011461,3.9553241255147955,123.36463760391953,1.3352358341267354,60.0,0.6834206255985082,7.305466354962754,0.40382791243240346
1,1.1603554174781678,155.5772710376823,11.374314426440433,3.2000008719744875,230.12932509289118,1.3889482549831098,59.999950833904855,8.999993897102405,6.970636511047924,0.4071930599941167
0,0.8482004712182823,196.37805334739994,11.734077581824227,3.2,246.84939959815495,1.5339701467971218,60.0,8.999988413758619,4.887434267726543,0.358752857232283
1,0.7774418408000602,172.58292427342488,8.829655757178918,4.00325427464763,466.2760928582027,1.4788054965757822,35.979965739941726,1.3357604103265006,26.296769886405897,0.42458876449887784
0,0.9671300960270172,168.6856790763171,8.21314089624396,4.011160042962041,500.0,1.4752737527061255,41.30617306735631,6.027548549120483,19.03855663060826,0.39595027342490424
1,0.8774307641022748,265.64042321323944,13.194314427731932,3.2,382.39536142198233,1.4609754610572436,59.999983286422186,8.999999764430815,7.82773819727179,0.36121859363498543
0,1.0414728461952338,75.77478546139108,5.167554778607072,60.32505357241805,500.0,1.1386183316526264,20.462356655820194,6.396825081998497,64.11454948523382,0.5734317475734279
1,1.1836001796997289,88.4890676475674,4.6046871311893955,17.568100475298397,495.63771247930765,1.2701333058181734,25.10647879733814,6.891020198244618,32.436481187726145,0.5127952766687986
0,0.8530703366491247,159.3691293777016,11.663087286715731,3.200001439126166,402.2064394448242,1.373351882862261,59.999831944978155,9.0,13.5355410782255,0.41660315712038376
1,1.0143025615841474,103.25745954616187,4.595908700635389,75.9890876920917,159.8235902932982,1.2065916900094025,19.734116412553522,2.889955906364254,12.417975198640196,0.5077518602388282
0,1.1440706356548074,84.9113983642761,5.2639876793812,49.61832837308164,179.5667074953379,1.2097145713670197,6.394234739861627,8.90794098780734,39.594867191723615,0.5537714900531522
1,0.9904467203084083,165.21849534290143,10.463148506887322,3.202328246011212,124.88978416645857,1.432904441121402,33.89013413545282,8.017649106163478,6.001526937765245,0.3973572663467995
0,0.9352745184610383,137.4981931099327,11.127993232213859,3.2,257.3709745173587,1.3676259790237066,40.71368862406391,1.5986911341917907,26.2684676598639,0.44124951482641245
1,0.752753698711161,100.58885018943353,4.903889365667706,31.236704473065654,403.11463114855314,1.1038550618395733,53.5318103748255,8.994838708172608,13.598853623977503,0.5195732173158212
0,1.1958119265704918,358.7765580835294,19.474686431274964,3.307381103024794,323.1100979018008,1.743476120792193,59.43505792655227,8.654449798229207,2.869783739561242,0.3074658326457211
1,1.167947139566342,234.08297175117534,9.659487139074033,31.182366595272953,22.868423021790427,1.5713301974760354,5.756244387928612,6.300046365550464,2.940643912936215,0.362830096422798
0,1.5769654160017945,83.37681656708182,4.616098235061655,31.901945454663178,391.1717136551827,1.2076207569204007,14.560945207353978,6.169120536070444,63.28358806846216,0.5412980927712574
1,1.0112358781330615,164.80606173862915,9.37632887280918,40.142181903023676,58.143102156734955,1.5801888935102402,2.924314261884049,1.385036482026195,26.996897061331172,0.43813426976263764
0,1.0901407766018345,138.16297573808902,11.353855767594055,3.200000346570104,218.92587909945993,1.294629558047302,60.0,8.999980528256707,8.414793527006177,0.44093165435274523
1,0.9821436942915324,210.99969295214294,12.647082890227606,3.2,92.93742717182218,1.5882024167417352,15.983157311395951,9.0,5.89767944578779,0.3642730857040206
0,1.147353530717328,95.1795370132343,10.131797548582107,3.2826136778582784,389.63641936545497,1.3548072579733432,58.516611810670526,9.0,16.501574550137562,0.466004312111704
1,0.9050230388529257,224.53437157479686,14.672263360069426,3.200000563292652,486.461059969326,1.6265286340829976,60.0,8.99999638981414,3.7203211697123466,0.3787455342952931
0,1.0344402088586222,190.62953886946957,7.493543020131242,70.08040843269895,153.6508188071835,1.4903110831305164,7.211019151406166,8.894883281488752,13.38992846746281,0.41116731185571626
1,1.5001116975549422,149.37597959411508,11.143364358023826,3.2000004464662055,251.9802430524584,1.4372448705418601,59.999950893026735,9.0,7.660069581531897,0.3966676964751653
0,0.9897064631371638,91.28806150051071,13.213462699388664,3.200000383030512,179.29907007434116,1.2258638188159545,59.999948086658556,9.0,9.792846283000788,0.4954902842293752
1,0.8435114033671247,277.2884764196745,15.946265479402589,3.9487951100454306,110.18934066756165,1.4780611039926899,56.52860275273642,6.726659458961359,2.6,0.34408432366105207
0,1.1556723161233204,337.03205733290764,14.695557011392737,3.2000006262349143,476.14969333194915,1.57710232910437,59.99993189183966,9.0,4.81857178148408,0.34211641417659844
1,1.0337915716895447,177.5781692686937,10.061026930967564,3.2072960767953926,485.7628677728057,1.4586582953900789,35.36519453568962,8.65073617866321,27.554202130728157,0.3955323982664821
0,0.9034062700969531,121.73378139106734,10.158725591955985,3.2,248.71425134042377,1.3194142452186985,58.98498815934792,9.0,8.407587992862801,0.4569957287152577
1,0.9807949334082711,499.318242827114,13.517238539680799,3.2,497.69324513790224,1.7569346503006982,58.48019940712571,8.990918462552239,10.455457663452295,0.24428662294193532
0,1.1246451432279996,106.59533359949806,5.486736384545642,8.18275189185353,472.6595154490283,1.3972833135031335,20.986703986368845,5.1065018311968045,53.99925723540958,0.4597295653424935
1,1.311201051035342,118.15556046753741,6.464494820927463,57.63734989258468,154.03418688449568,1.3525405075080754,7.145014596943976,2.3749566514226172,39.03499673978743,0.5031482855078176
0,1.048313268847452,252.34376513753625,11.541084863966958,3.2,136.87426804832285,1.5298647311092708,40.266911500016725,8.199406652766777,4.787163222700693,0.3326887293587264
1,0.9103711135664455,360.38231812958185,20.951388495635655,3.318466073823969,50.63504654619392,1.6813261406073978,16.552171497435566,4.655082582539628,2.6,0.3136476457631272
0,1.3266213573884027,105.89359732252481,9.644638389896537,27.716158682065622,156.10907599281455,1.3676850824514302,2.8149331105931843,9.0,46.82713473003822,0.5561053722719568
1,1.041678673808134,500.0,11.18425802743623,3.2000016429195117,499.99807642163006,1.5761364664765654,60.0,8.999975664440163,7.663479668076745,0.2908292030822446
0,0.6681918002102136,105.21450448456804,4.826227956016785,80.0,258.7514590027838,1.15401661516963,59.99990420432076,8.999996139094383,7.160752307657391,0.4805874170601805
1,0.8208045706347277,127.90487090927404,5.270700911004543,12.18332282900822,291.10143401454195,1.2545695482051904,59.99973912484954,9.0,6.41083092728462,0.4549960367164169
0,0.9777408040182015,166.2115229537468,20.784960662719072,3.2,45.538290053133345,1.4534119720878151,41.107233753559456,0.7608990587471809,2.9480202114065217,0.3879174893740069
1,1.2160983947698283,89.54635295798863,6.731891949041824,9.896078869169326,118.5249268842947,1.208469875674152,17.885487058228172,1.439033915575347,19.837495019534682,0.5476435863493068
0,0.7711388508284359,76.63073054929907,9.218390529962488,65.52550953512407,124.49377755088449,1.4406321877487862,2.4,3.4020356777713476,65.0,0.601870321264294
1,1.266622371519974,99.96012151522842,9.40388607772803,3.2,130.54802783192397,1.2755971752310096,59.99986597058956,9.0,4.835103049324605,0.4737534847269561
0,0.8665390537169135,105.92035533637373,4.744895192589,24.325676176785926,499.63612087175443,1.2540950134041062,16.30929756031783,8.863275122453915,43.98850740058762,0.5069023249749293
1,0.6262599349204826,121.03650068900372,9.785363465329082,25.847803736993797,106.69052516395782,1.3882630127080426,2.9396369827112325,9.0,32.117603764226715,0.4989180602833947
0,1.1619994981832837,134.3087712611116,11.84568625539238,3.2,66.0057575243784,1.2906589802153439,50.63430731228168,3.0983667676762146,2.6,0.437595164876063
1,1.2468714026304504,333.4753213869394,15.753965989805641,3.3783756361081667,194.1197576598253,1.550536742579051,58.648384318369466,9.0,2.6,0.34097880269820474
0,1.1132155546722549,177.58571870121685,11.523709641905587,3.2,301.8475220325241,1.4100032145571848,59.9999903377075,8.99999727639619,8.41339201961284,0.3967924276081642
1,0.8508765071298966,111.4396909243316,4.901451444441595,64.17311560835581,479.4025121551702,1.2024316186735076,23.30990665831135,8.041272493735269,35.184265747784075,0.4879163568758554
0,0.8895973886598728,58.181334796851864,4.603790046741734,77.37292511290597,173.08853476089914,1.1429768605260302,6.982633370136371,7.8867549561399946,47.820461892960765,0.6209364634228042
1,0.8412606130366704,110.77945885346885,5.144387530711905,20.547002861538616,299.3641574007818,1.286725618875968,14.753280420383298,5.357796456351474,36.23340888199402,0.4812401128176024
0,1.0248873229779731,207.09459061074065,12.112682409236523,3.2000002773716143,356.63970204854496,1.4166127701778983,59.99996292301668,9.0,9.456715787101496,0.3851124145251842
1,0.6582434290169941,197.6281171952395,11.688918236728426,3.2,362.8149573598972,1.4654109513324887,60.0,9.0,12.690416327841547,0.3614798030602834
0,0.9998354555902413,209.9376551213632,18.64807711922103,6.3985734751289005,62.06639906527859,1.8464649666828912,2.4614725785526046,8.96351698969627,8.404213327234212,0.405877283079822
1,0.9719389537210448,223.94337119382322,12.470624610751486,8.5129895090843,32.60618330156801,1.5783959370340839,5.381970869147093,8.732199959595654,3.9265823547307543,0.39250333087566075
0,0.8167770575371368,144.22263504214305,11.461457101524157,3.2000000082516182,247.93218870673954,1.3782841688289014,60.0,8.999999951895296,8.028115295814867,0.41716197480382194
1,1.0816653844622879,88.94751737068643,5.6173997580125565,25.324202232861985,114.51932585416642,1.1485416064371148,60.0,9.0,2.9102323525920415,0.515324693269404
0,1.30434015591562,499.9999672269572,10.01054858638609,3.596362326580289,499.99956340877947,3.568385483620626,59.9977776077811,8.999977719968463,15.74194911794044,0.12276294533605646
1,0.8588421805498633,164.03160279543735,10.363378910384085,3.2004231953596927,88.44237427078039,1.4075372690717463,60.0,1.5522343742442675,2.773361680954429,0.3807760323115643
0,1.0057201751345868,155.3073534835905,10.392950258224083,3.2000001789007606,224.46001984415417,1.4163608464748054,59.99993207238378,8.999994558517319,5.886023086568082,0.4054585030401165
1,1.4967892959000997,105.663673336883,6.360539517399699,6.404045703263502,381.278570588769,1.4470820694709587,14.725288831664207,4.930326851060112,45.424220703264275,0.47306559262292114
0,1.0558834403508865,138.25246821553336,10.667310891950883,3.2000000013382355,233.43303418762437,1.329765135640156,60.0,8.999999765425427,6.370717571689135,0.4486474886448345
1,1.298991800940383,178.9423695606043,10.603579500782235,3.204969240717051,148.46232297714604,1.4105773569497544,59.67098350064069,8.93048666151168,3.4045473814272924,0.39058927462795184
0,0.8780299931851172,105.91157416062295,10.841345554099936,3.200000365406084,183.50554335745443,1.2719600245608824,59.99996210212899,8.999998929080355,8.038522132815235,0.46756378577458246
1,0.9466249830483626,146.8759723687931,5.502465121768274,8.509671171602806,500.0,1.436323217277297,25.389605850237377,4.771674708617965,38.72840058287693,0.41230057369790574
0,0.8731483419970641,158.44430574008135,10.897978279449685,3.248394200598627,370.98216667064287,1.3618199650598615,55.45566254646819,2.4344678909371034,17.935176093574903,0.4297521071283152
1,1.107745649051775,86.9283575525869,4.921945523959341,18.68035480855409,489.1614915788527,1.3048056731102462,15.084821048550141,6.771452629903598,59.89370652324368,0.5161096574465441
0,0.8767302374532469,131.3112477355883,7.492209946241446,79.89451557328749,225.4037196907487,1.381252006682176,4.361473784518997,6.75467516915106,45.928402795066155,0.5108745601060353
1,1.0526873419361715,122.33118902633201,10.7798759108554,3.2,223.92533066535654,1.3364240092648592,60.0,9.0,7.924358639022968,0.44304679505062794
0,1.3178704298294464,90.28376323174511,4.53288988782882,76.21098841963396,489.8171332642078,1.1692800062020061,33.19731665609965,5.316898694960015,19.29322608167423,0.5545119106478347
1,1.169056338259661,138.87505717749823,7.194111640024552,74.03142150370867,335.2875888823307,1.4285969341775426,5.154962115119401,8.355193493870061,49.33906150646219,0.48826363048261323
0,1.0891929697765599,109.18201924465967,6.164216099170716,23.130782539423556,104.2000157415787,1.2143839734101456,11.978726012674304,3.567073426800708,12.526428765542063,0.5232015070302861
1,1.0148089947109518,154.98544933589727,10.791474945008533,3.248170697507411,139.73890191455268,1.3820871546224207,59.642209609974074,9.0,4.089768335495339,0.4014323119174029
0,1.3075670051407187,168.36860353423234,14.362119832698122,3.2,198.373297923211,1.400269980791881,59.99955270063745,9.0,4.715701887131906,0.41467189225388207
1,0.8543325892489003,86.96070473420224,5.955028874070388,7.891737766749238,180.5376856085358,1.2469358836976743,20.573294045205163,1.4032727489592776,42.508383879056275,0.5261656000179955
0,0.5310964337390781,295.5494031599596,19.704545992692378,5.9557084141729675,112.51227730039493,1.978314977532699,2.7294170508397375,5.28176051548728,14.44213009718246,0.3309102131598854
1,1.3519574043550202,215.76722450833807,13.533888557202516,3.200000371119021,133.66407893225303,1.404469734183909,60.0,8.999999392364845,3.146196461112295,0.37541249577588875
0,1.2002534969081617,499.9999522629953,15.212142113365543,3.2000001488609118,499.999886216174,1.82281921440318,59.99991966103229,9.0,10.096508875318225,0.229991019339894
1,0.9944243646665373,124.91477248666297,13.263957516366029,3.295216303709961,83.72772780635287,1.3020208125258803,54.137299819119164,8.78031271570212,3.087924080120914,0.44397234286561926
0,1.3844632863927642,356.6623121932671,18.758880177309525,3.205391706121001,217.37916165500312,1.6480054603981864,59.943766778712,8.430159805655876,2.6,0.31971377129072737
1,0.8193121213671934,447.2355139382065,13.171737392035281,3.200002352577981,499.99274988751176,1.5215272780597524,37.33744293434835,9.0,19.296537154012963,0.307007114481023
0,0.900939021244999,236.3525202572978,11.789054477363946,3.2,130.00198356277053,1.4750665790845616,59.35702350973544,4.144851234207694,2.858598049000285,0.3461030397981168
1,0.9655559987331525,500.0,19.82751689948086,3.242394338526785,276.94454811868377,1.7005169774250866,59.694897942474114,8.495970835419815,2.886430153052961,0.28322839457616805
0,1.8572507669964886,500.0,15.391767338815606,3.2,499.99996364176855,1.8510209095700052,59.99994427518992,8.999995874778456,9.693660591579354,0.2257456217639891
1,1.1022245970274172,99.75819819438343,10.766588822382593,3.2,215.5494328086153,1.264184209202524,59.999992926079756,9.0,9.698232852885548,0.47906338158324097
0,0.8426141286240653,127.41619466345706,11.038199405496826,3.2,229.91636843138372,1.3554239957128709,60.0,9.0,9.481407630026016,0.42252220582000316
1,0.9348916135467454,225.14977245958914,15.811794566865661,3.2,500.0,1.5474587837353457,59.482745768295324,8.998274691857137,6.999149022466419,0.38273315955997433
0,0.6422173186967235,114.7317377218817,10.709008355728391,3.2000002286160303,130.85759302574894,1.2910257902589453,59.99994173863365,8.99999245742406,4.920882357579304,0.4519451648866598
1,0.5435123522002259,249.52234861527415,11.709269983328815,3.2,272.3501171246761,1.4815341424779014,59.99268727019595,1.789627979054763,6.1369863224351935,0.3613874189508849
0,1.240446346382993,118.70486620000914,9.334295689288968,3.2278438508847285,428.2949727180469,1.4010211293690111,60.0,8.200524366744919,19.61043485336245,0.42344964362249476
1,0.9730812018875814,200.5750110979297,12.001403313925376,3.2,237.35707749390872,1.376565774816107,60.0,8.999979419390879,5.908440196514437,0.39732540292703517
0,1.443012329455578,89.55638559225818,4.131750075463014,79.90849875313361,499.61299551707674,1.2651751997763099,24.398337130862334,3.4720155346569888,63.70872787447682,0.5081617899547248
1,1.2454085396589738,115.68416288468985,10.440303729061386,3.2,287.90872647555403,1.3616770707180392,60.0,9.0,11.543727485215074,0.43831529854308077
0,0.7895303176840803,78.15848755597334,5.089390004587267,13.559354237748085,486.923199800304,1.1267780987937845,59.38073146407724,8.902948317674275,15.195057513841162,0.5562722598307915
1,0.6718865838579478,185.18513345969197,9.867308547288406,3.2018860819079533,117.15038870970729,1.388641533165815,59.2566686895259,8.905707730031436,3.1674562805900277,0.3831776689298665
0,1.0465040201090166,411.5804188321228,17.55019953845772,3.2,448.61792796199546,1.6143042937376915,59.99989204321344,1.0707903202556266,15.45902325424335,0.30813052622280707
1,1.1075349921236872,160.6779090662951,11.415582481758246,79.99960230750995,26.37134690800099,1.4366131023548228,2.850009977772435,9.0,6.246794365885094,0.4534480023250189
0,0.9711981439311219,273.4795594768357,22.70917675907761,3.2000001646045404,86.4544616201631,1.5117361413546226,59.99998076556506,8.999993258816563,2.6,0.3400516878541936
1,1.1666820966650195,336.5470120896807,26.9256138450611,3.290220038452129,176.6575949165502,1.7144537801161042,59.77139501007517,8.89970950191785,3.4719088454765794,0.2970114848657883
0,0.8039595897014196,108.71249655738195,4.918615555216291,19.619761895957424,422.6072844917713,1.206105699973362,40.0079703506569,8.245463047666922,13.688925873019883,0.5049170580878011
1,1.206765444046452,122.16550429847138,14.704794418893218,3.2,55.85376912831672,1.274747795950983,59.861367028366665,0.438271384037526,3.6121689934366548,0.43578760687457707
0,0.834635708662907,260.24193923766535,8.819868569343658,80.0,278.85440563399,1.4898756075834312,2.400000148063949,9.0,64.99597314916133,0.4203813043470737
1,0.9911903836751815,281.5590795760241,15.956852432017328,3.2000000146534897,318.3826230770978,1.5409103697093804,60.0,9.0,4.29552570372075,0.35786980488357195
0,1.2236871960562097,358.6806463580657,13.176940261650728,3.2,308.0615427248951,1.483992438038646,60.0,8.999951446549147,5.415144221655989,0.3304114605304161
1,0.8375661278250348,103.13841538127359,6.604497548608854,80.0,71.66652330773205,1.4362641078420961,4.3572042638688515,1.9051923837545766,37.61816062660741,0.47387404010679884
0,0.8382087991971662,127.44443256105426,11.170349649469891,3.2,298.0209715537095,1.3429542199625017,59.99999832415803,9.0,11.616838930242702,0.4365539867994529
1,1.2276307300801241,87.15154808268758,4.850475570981515,33.957883224518795,196.0046891394232,1.1247688405976963,30.96368631446907,5.041996422737979,11.308642951998145,0.5369802929308847
0,1.318717030173201,175.71604319564665,11.546564806586682,3.2013524999967067,78.11194427406119,1.3335003210062806,60.0,0.998241876587113,2.8576643116409675,0.3923097028660584
1,0.8612982033551804,308.6249780706086,11.158556371301298,3.200000029117732,231.65724053333344,1.491487605020957,59.99972429807269,8.999960127037092,4.732987547207285,0.3306440394771565
0,1.3125530795438034,158.96923525634108,10.681239904533596,3.307543967193237,440.64069706723774,1.534176870710999,26.496959616647242,9.0,23.70618606121287,0.40140576720651344
1,1.1513996070175914,109.97696843447416,10.638763359126658,3.2,135.42208878633724,1.2778742141861907,52.750612858660695,8.996733427709575,5.174492486777064,0.47523403305004075
0,1.1915667692699248,79.29598830011523,5.467316090087094,16.700956756423952,108.99198264099775,1.1295599017072655,24.458716817641207,9.0,6.688318375968068,0.5649714049790774
1,0.6915547366054917,227.9028624927654,16.599273624848554,3.3681658162046513,203.93054875314724,1.5398839757214122,47.618205465647506,6.370418535005181,3.9429726508999163,0.37745957068440417
0,1.4463696092465281,282.0897993354747,13.150855803140711,3.2,164.43817719489624,1.4026515551890075,59.96291269861627,8.85939123415808,3.6489273258345705,0.3573916592811426
1,0.7619983404971824,150.49904147209236,7.1170716831388905,7.632215831015354,499.9980877708308,1.357831003653776,11.0623452322947,8.999971985953469,64.99855444167784,0.4754117181100042
0,1.1753593051614308,88.93467937883378,4.147431448562789,44.03655270105103,335.0623045013475,1.1639327823791685,35.768761335022184,7.2959374336056175,13.583759908570718,0.5331381826058708
1,0.7489337731490076,227.66989240595552,15.129929615696081,3.200000344041898,240.10917858772433,1.4719317580274087,59.999980604980514,9.0,4.468331855681189,0.37454657456376955
0,0.7911324498805663,111.04504204708807,4.143845153715028,51.21214501159699,421.17360256201897,1.2112006077704782,28.47173939574287,3.9545214527774104,21.553943263925664,0.5130062112483699
1,0.846939903572201,136.3471399116336,5.253499099164323,9.218486236922661,190.0445635984866,1.251814784537183,37.52369091898847,7.828061086230061,6.8191124823526525,0.46089832180380463
0,0.8103053770104545,210.96761976665016,11.719718399480332,3.22579985223732,469.00755655572453,1.3914728227584605,59.40699439277307,8.989523768467707,13.844411987842648,0.39170353759585896
1,1.3244870623629155,100.35387270806729,6.14015623012923,7.860696869278709,499.9985662874645,1.3727889695718918,12.185500260335818,6.5227453684564685,65.0,0.5202962418509121
0,0.9957374828196759,106.86669693492182,6.761103766340058,4.990311990596226,312.5081359394255,1.4049821527785464,20.446427565437833,4.760313143006468,27.300277054111415,0.4758742233020427
1,1.2089270667229337,164.97558550791027,10.209573571391878,3.2,156.70281565817052,1.3744002075660136,59.999956222855836,9.0,5.370734137833684,0.3937391476338747
0,1.0594784206190275,81.79917491917081,13.809496410230649,11.156712118318936,47.13954699248282,1.4968235056923243,2.4084647292595625,8.064854300419455,17.38619973469431,0.5347441972825295
1,0.8485668754200383,111.53082095086032,9.45902253460615,3.2,187.29898205085772,1.3278192374553062,47.27773380497867,8.225108082948928,8.509155456001562,0.46011870788567455
0,1.284448041178276,68.5432155947014,4.522244963721046,30.75978463981308,500.0,1.2088748800617912,14.085498629563299,8.526114197900583,56.156339856931545,0.5903423411021452
1,1.183143236587383,167.19665715491885,12.416202589399296,3.2,159.49092206789942,1.3567091793691999,60.0,1.4697089989336336,5.684842359808898,0.4146621626203857
0,0.8692030510137518,207.03715871299826,14.603066629793704,3.2,206.86440547198444,1.4248630682862702,59.99994037818392,9.0,4.379680334619222,0.39223372693122127
1,0.8698778190825608,182.9121771007272,6.602529672150919,67.73961880054651,468.33127076378224,1.3830249083444248,6.6399371853144515,8.44918316259021,63.32160597391217,0.4672964490345931
0,1.1146709329172173,136.8359639618008,4.905044863104745,42.10833301639117,152.6602108996128,1.1949982945562347,60.0,4.332623394162215,3.0608019489635163,0.46199448870081034
1,1.0570329579419586,295.3514976288395,7.133362617903831,6.688939920096094,494.82152946110955,1.4989970954658858,11.525291378414664,8.90992134960055,29.620306588101762,0.3833598758133083
0,0.9618325563289535,288.12671394097003,10.850879338531797,3.2,273.43244633383597,1.5453549637158375,22.29090564222357,7.8075195948789435,17.640872419650186,0.34284169205345943
1,1.1694397196390942,137.9165540826528,14.61628096193151,3.2933075432503767,104.41973780429853,1.2885671389336253,58.05376104298926,0.5814971635818489,10.84552374310691,0.4330555499909652
0,1.015430183803817,190.83418621097513,10.771225299263316,3.200000047876218,267.9499088536688,1.4556070535928887,59.99999119010146,8.999997491319998,6.704748800983165,0.37780648262298056
1,0.7405213466000382,155.3050347836794,14.72201050447679,3.2,265.95486660044696,1.4923820186869474,59.82166192627763,9.0,3.8942738600124893,0.4335944939156771
0,1.2490066284874262,139.96747320615526,9.820926694306628,3.251444271323007,469.50869811608794,1.45510157133604,49.90248192036081,6.846822254415414,21.461357117891392,0.4066778154098998
1,0.8716803827579863,136.99924218233815,4.70197758819442,32.51025911628325,191.00666787944624,1.2858168452666507,17.899251833610503,9.0,13.577638853730125,0.44185954827989093
0,1.4940338274332303,437.03475822351857,13.413084699580617,3.2,499.99492747939604,3.9580091525227554,60.0,8.999969688516655,26.467712676205025,0.10400000737153402
1,1.28480583501578,239.8529859889966,10.461075075794364,3.261937355943426,161.2890995891968,1.4261764164113704,54.586402194812514,5.284162578374538,4.546718527423899,0.3573833915231014
0,1.4413305856612064,134.47722258967605,4.882665506037198,24.541719991378287,81.43172154601916,1.195846896715563,38.124156569353474,4.893315496115069,2.6,0.4624051100559678
1,0.8395933086048797,116.8701216637012,4.53786994390345,47.74114495834898,500.0,1.3522663368727041,17.80745802298421,6.220432970869444,65.0,0.43873196261416575
0,0.963078345059107,150.00700526066873,5.51555544980825,12.990759753336153,201.34063918358174,1.2971383548114213,55.512715998536926,7.622431821754742,3.912210166256918,0.42804459498622965
1,0.8476127375873548,148.97297855806136,21.38433679109619,3.2,73.65990591641683,1.7078096676310912,6.624043928054691,8.98411316396143,7.686806480449551,0.439357312701949
0,0.9493700948240701,91.876847431146,4.746490515250404,80.0,500.0,1.1685185042976336,21.632938379740015,6.149604606634338,42.11300877101282,0.5434094965992954
1,1.285748860949488,104.37015770985448,10.681257776091048,3.2019892736822397,245.49767600388626,1.3086046010962056,59.76283437872858,9.0,8.02595280939922,0.4805328628632147
0,0.9424398677462269,220.7115752229899,6.312754901600948,72.5675334694474,298.76126690444454,1.3765165993519715,8.81090669501405,6.716002930036876,24.73152578480192,0.4401242057516113
1,1.4749459120119126,114.48242018086079,10.0270019930184,3.2,268.7842448343709,1.4383535001951773,25.99539602510426,1.3701761450713976,65.0,0.4615938933567339
0,0.9044912089809647,92.0312250605814,5.11819822874524,27.13906264644413,266.2876043658738,1.1456080105979998,28.78507237252591,8.894529420543604,13.0020537149383,0.5441771121457134
1,1.0607530799672098,100.44042486492913,7.670052355410797,4.393003761203046,309.03862526530946,1.2682220594210012,41.62362822657638,6.0699869111090585,15.963211964722152,0.4970856075715372
0,1.053167464793853,108.74099937814975,5.588160766933186,17.40154192334333,474.32627378212476,1.267514976604911,33.95417171352411,1.6542036074110023,50.0561100778395,0.5121090051517135
1,1.828787465675072,500.0,9.36555127697578,4.163234370680717,499.9998708617343,3.6510378168612077,48.040333951944504,8.99998302172233,16.58188808671663,0.11500985535359334
0,0.9679267897611659,163.3477195363394,11.254651798797724,3.200000387976645,247.00276787456653,1.3669924254509116,60.0,8.999990911023106,7.656581811648255,0.4102615814659484
1,1.0842605944816937,166.3982162844953,22.423780776439838,6.716023009523839,26.698885869295644,1.8413520032998831,2.414254056966069,8.881758443325724,4.815758409370373,0.4175509480107169
0,0.9193443330314133,161.14108040833247,12.058928023926823,3.2000000552231556,281.65298741125343,1.3320416892483633,60.0,8.999996293954343,10.355528424756791,0.4184593848054884
1,2.547029743097783,363.24404309112157,13.483228504465632,3.4207780050485965,499.9986901455999,3.934240564139693,59.999988906869376,9.0,47.64796084674595,0.10400000665242728
0,0.5578867094604019,117.31008410819855,9.88153735315179,3.204672152927746,123.46832244948855,1.330329838399494,31.05884310997955,8.23766091907467,8.092076059380094,0.4599629891646612
1,0.8820151789770735,206.36887077655277,7.105692047139101,5.762765923570849,360.320452786139,1.4934260296271242,14.322113158850708,8.928750265059747,29.4836386117243,0.3882187194724111
0,1.1049819123571791,221.77169399582073,13.782429299595252,3.2,141.07390590106218,1.3824040744493793,56.447872512204036,7.628221792650395,3.686432170651968,0.38411696515607696
1,0.8529833556841093,207.12080582309048,7.93520807773732,55.840595398204655,85.46144973961869,1.407651017723488,6.033669819325102,9.0,10.632054974652826,0.4258217234434658
0,1.2995897947410526,228.4462907652061,9.89584940915608,6.704044603867833,96.27323003547036,1.388669019020181,38.77179782218319,7.042136156676747,2.6,0.3889167693351249
1,1.1603698372637297,160.8746646803334,11.464993651328294,3.2000054290431192,183.95622647260123,1.3342989575424593,59.9986931078438,8.999767554928477,5.207676392044467,0.4238255244035307
0,1.138463897303782,144.2021803854695,5.1709729123374135,39.014172348562475,499.0425267414768,1.2152601874165112,21.61207462567401,5.36483670647043,45.923222267280124,0.4713748578045591
1,0.8246880628473957,142.53544123186293,5.257934193837983,80.0,85.75074075187084,1.2134089889532311,11.230121990144632,6.9283300847306455,9.808183652044608,0.4598926069171222
0,0.8335218302248447,362.2134179548318,12.84943214121765,3.200000986939404,485.7858235545008,1.4801016544574142,59.99992155647851,8.999965851481573,8.741997230857539,0.3372006748802039
1,1.2776055337928913,179.3348314552187,10.55527135595726,3.2000009788444763,231.8475817244171,1.4019635507542973,60.0,9.0,6.623771526960687,0.39242465800162885
0,1.046104388717763,76.34186788723221,4.300928414148382,70.37567282855235,346.98947891365907,1.1802663100506212,31.125893280911555,2.8443376653299755,25.301734650223217,0.5524021917592897
1,1.133171963446121,123.44244085412582,10.292709522895121,3.2,467.5723862710735,1.3607429018000459,56.28223281086918,7.870603856651981,18.441805395246103,0.44972979626176446
0,0.8883901307930782,342.3294040877676,17.92984745891968,3.22839224593776,263.25758861479824,1.7261433419885743,46.00519938370985,9.0,2.6691914925382494,0.32503124957377755
1,0.7779789651946986,500.0,15.750935745228354,3.2,499.9998670618648,1.865924963985251,60.0,8.99999658016218,9.710934628995991,0.2230759854658058
0,1.288618075986351,151.51742013165241,10.010588567249618,3.2,309.97458904290863,1.4972407402200194,14.820726524349405,8.098328222134956,43.72824385058576,0.42049253515988433
1,0.6936504707605906,210.6075577142298,7.330742095698296,14.131108042789812,227.7127475278353,1.365492362775991,33.47159850378444,9.0,5.345309268253961,0.4197025897450848
0,0.7364939614381617,103.85334745541581,4.496044746427298,26.29525135140101,458.95808213561867,1.1919659516197683,51.857147640205774,9.0,13.963034671600251,0.4905020754936046
1,1.0227210617542448,227.08820670531588,10.378751155436785,3.2,243.01164543359195,1.4351770385408968,59.84082830900291,8.994869003369217,6.423799260516007,0.36401973148512035
0,0.9869025266069128,104.55403827354836,4.5968686512002845,80.0,500.0,1.2836601647914945,15.800803880249832,4.825368686043786,64.9967815207341,0.49671121538263774
1,1.2203765857170783,134.68437136009038,5.284340430751363,75.66265697746255,186.1616625022726,1.3409645559960248,5.653413967458527,6.289069184857316,43.76291608374359,0.45964387462185186
0,1.0162582074559385,156.28526767467943,10.814448553384688,3.2000013166691645,396.8158331750852,1.4342943529839272,60.0,9.0,10.203429966172388,0.41011782629091664
1,1.2686835352213264,106.68947535968049,4.487125205067498,32.19038578449864,429.4213504535919,1.3364791123012212,28.986360206920462,2.5824514096072044,34.22546610014077,0.4651476572173234
0,1.3105324045715432,102.28540464882487,7.309784843644687,5.844616309273763,306.51263715702265,1.2385930082018455,60.0,0.7973012789269085,32.1409464801117,0.4938895074527883
1,1.446039214406188,98.5968489425821,10.97201414604827,3.2,155.39899090666717,1.2039143826703007,59.99994210863807,8.99998153231396,6.644373187985221,0.5039658663469413
0,0.9056200711457546,86.633287564177,5.218723701025215,38.103287553188004,408.00541128414915,1.1318955021663095,30.843831906148996,5.422417362767478,21.83019059668039,0.5803527708743557
1,0.8712065592129469,336.1881952972195,6.403497665163317,43.102574274900576,459.3062137916302,1.4779267631174047,15.113282537516554,5.199234563850883,17.84360647116299,0.3694738003881112
0,1.1023602642308419,133.91471917273364,12.544182093707084,3.2000013928512603,434.1679372391436,1.372531859238174,59.99997553815367,8.99999607008418,12.549777978359844,0.44888180022587804
1,1.4382692904978704,127.73444005627486,9.94153238887611,3.2288435910277893,429.9318282831806,1.436470123996468,33.862802878663885,8.064200978927644,27.03083025371218,0.4348378891580624
0,1.2516767689683932,93.0345020194865,5.841662674079286,16.36241834079279,92.55574557186091,1.193098474440925,41.00762223076528,7.195061458264204,2.7593995810337195,0.5174537548001997
1,0.9968398122455087,136.58798260438883,10.501940617123552,3.2,149.3771711160276,1.3244157789079578,59.99999248799508,8.999981099293441,5.803691145467047,0.421545663579999
0,1.1514403194221672,241.3702724779153,11.541614618644818,3.200000040204947,316.44230931992274,1.5152793441081611,60.0,8.99998945470936,8.171207606995875,0.3399017930961404
1,1.067926893682664,94.05939538952005,4.507760591671339,49.476283457428885,182.25440658781588,1.2475368474737345,16.42302734082815,3.8660479145488975,17.70696226874435,0.5052963191614775
0,0.9531978532816588,359.6815322125701,28.71893584674519,3.6865936475142314,354.98652332696867,2.0956569670965557,2.734472289038129,6.559970138444372,63.46983656288934,0.32457621856758334
1,1.1512814802308973,113.19560802744908,9.113769135312484,61.80472475236739,120.46643327347158,1.3263826727224417,3.247662077665672,8.996151733667405,35.70832197186707,0.5203446806334819
0,1.2637832465579402,220.39392574261907,9.662790473252791,3.4471173799569956,103.79685913411342,5.152065503195414,60.0,1.1058348574853791,9.446683572054694,0.10400000127581617
1,0.853010861203608,95.0674677521821,5.146709592182764,77.93863899744292,197.22910342825168,1.19122652172939,9.647896765541901,8.842880312316748,29.379411565311422,0.5268346233947538
0,0.8700324893687749,213.0489356560526,12.997362873942649,3.2000012584182493,305.6579067448349,1.3766598327188388,59.99994080337183,9.0,8.619520556024293,0.3925274654076167
1,0.7948943416197602,123.90315553792134,4.965288533793755,71.36974818823603,238.65150389594808,1.362011048656423,9.40549781992642,5.572038080953499,52.888472372596986,0.43439527725151766
0,0.9590519775415942,184.38078952955308,9.274688382295901,3.768900529693622,392.9862671290898,1.4275358629853379,59.75175585821834,8.992105821151975,7.204181028647182,0.4052460350036913
1,1.0350076515666604,469.2030359917944,15.27788994572787,3.743769939393391,189.37746556128627,1.6276152021456598,60.0,0.7594836257280182,2.618737895638403,0.2913689902622946
0,1.2064426489973212,471.341937376066,10.157729514429843,6.202382438377607,253.5732183031673,1.5246505550669212,60.0,6.418599854388854,2.6,0.3135217404975231
1,1.1997095685422716,392.10132258376103,17.975139316234138,3.2000033860653083,241.55591334346929,1.6453385462398848,59.99997375762247,9.0,2.6,0.3130088960927169
